Rasam Vada Recipe | Tomato Rasam | Perfect Vada Tips | ‡§∏‡•ç‡§µ‡§æ‡§¶‡§ø‡§∑‡•ç‡§ü ‡§ü‡•ã‡§Æ‡•á‡§ü‡•ã ‡§∞‡§∏‡§Æ | Chef Sanjyot Keer,https://www.youtube.com/watch?v=7LpEu6rTyHs,Rasam Powder: https://youtu.be/YIWBthqArCM?t=59&si=zpnugmEpzvQkN5mb Full written recipe Rasam Vada Prep time: 15-20 ...
Peri Peri Chicken with Butter Rice | Spicy Homemade Peri Peri Sauce | ‡§™‡•á‡§∞‡•Ä ‡§™‡•á‡§∞‡•Ä ‡§ö‡§ø‡§ï‡§® | Sanjyot Keer,https://www.youtube.com/watch?v=d9_YSS1lB1w,Full written recipe of Chicken in Peri Peri Sauce with Butter Rice Prep time: 10-15 minutes Cooking time: 25-30 minutes Serves: ...
Homestyle Turai Ki Sabzi | Turai Ka Bharta | ‡§§‡•Å‡§∞‡§à ‡§ï‡•Ä ‡§∏‡§¨‡•ç‡•õ‡•Ä ‡§¨‡§®‡§æ‡§®‡•á ‡§ï‡§æ ‡§Ü‡§∏‡§æ‡§® ‡§§‡§∞‡•Ä‡§ï‡§æ | Chef Sanjyot Keer,https://www.youtube.com/watch?v=nX5vogjw_yk,Full written recipe of Turai Ki Sabzi Prep time: 5-10 minutes Cooking time: 25-30 minutes Serves: 4-5 people Ingredients: ...
Chicken Pepper Fry Recipe | Pepper Chicken Masala | ‡§ö‡§ø‡§ï‡§® ‡§ï‡§æ‡§≤‡•Ä ‡§Æ‡§ø‡§∞‡•ç‡§ö ‡§Æ‡§∏‡§æ‡§≤‡§æ | Chef Sanjyot Keer,https://www.youtube.com/watch?v=5R6nNJC-FVE,Full written recipe for Chicken Pepper Fry Prep time: 5-10 minutes Cooking time: 15-20 minutes Serves: 4-5 people Ingredients: ...
Achari Paneer Recipe | Dhaba Style Paneer Gravy | ‡§¢‡§æ‡§¨‡•á ‡§ú‡•à‡§∏‡§æ ‡§∏‡•ç‡§µ‡§æ‡§¶‡§ø‡§∑‡•ç‡§ü ‡§Ö‡§ö‡§æ‡§∞‡•Ä ‡§™‡§®‡•Ä‡§∞ | Chef Sanjyot Keer,https://www.youtube.com/watch?v=P514UYjzZ-E,Full written recipe of Achari Paneer Prep time: 20-25 minutes Cooking time: 40-45 minutes Serves: 4-5 people Ingredients: Achari ...
Veg Wontons - 2 ways | Crispy Fried, Steamed with Chilli Oil | ‡§µ‡•á‡§ó ‡§µ‡•â‡§®‡•ç‡§ü‡§® ‡§ï‡•Ä ‡§∞‡•á‡§∏‡§ø‡§™‡•Ä | Sanjyot Keer,https://www.youtube.com/watch?v=pXyX4K1xYzU,Full written recipe of Veg Wonton (2 ways) Prep time: 15-20 minutes Cooking time: 35-40 minutes (each) Serves: 6-8 people ...
Perfect Dosa Recipe | Dosa Tawa Seasoning Tips, Dosa Atta | ‡§ò‡§∞ ‡§™‡§∞ ‡§¨‡§®‡§æ‡§á‡§Ø‡•á ‡§™‡§∞‡§´‡•á‡§ï‡•ç‡§ü ‡§¶‡•ã‡§∏‡§æ | Sanjyot Keer,https://www.youtube.com/watch?v=1dCguTWLiJ4,Giveaway Alert! Step 1: Subscribe to YFL & Milton ProCook's YouTube channel Subscribe to Milton ProCook: ...
Chatpati Bharwan Bhindi Recipe | Quick Sookhi Bhindi | ‡§ö‡§ü‡§™‡§ü‡•Ä ‡§∏‡•Ç‡§ñ‡•Ä ‡§≠‡§∞‡§µ‡§æ‡§Ç ‡§≠‡§ø‡§Ç‡§°‡•Ä | Chef Sanjyot Keer,https://www.youtube.com/watch?v=3SCrf1FW70w,Full written recipe of Bharwan Bhindi (Stuffed Bhindi) Prep time: 5-10 minutes Cooking time: 10-15 minutes Serves: 2-3 people ...
Veg Peri Peri Shawarma Recipe | ‡§µ‡•á‡§ú ‡§™‡•á‡§∞‡•Ä ‡§™‡•á‡§∞‡•Ä ‡§∂‡§µ‡§∞‡§Æ‡§æ | Chef Sanjyot Keer,https://www.youtube.com/watch?v=Sdtc2rl7JGA,Prepare this delicious Veg Peri Peri Shawarma at home! I love using Fortune Soya Chunks because they are a great ...
Dal Dhokli ft. Chef Sanjyot Keer x @BakingHermann #shorts,https://www.youtube.com/watch?v=jbGCECZ3IyA,Full written recipe for Dal Dhokli Ingredients: Dal (Lentil Soup) Boiled Dal Toor Dal (Split Pigeon Peas) 1 Cup Water 3 Cups ...
@EdSheeran cooks INDIAN FOOD for the first time ever with Chef Sanjyot Keer,https://www.youtube.com/watch?v=45FpTGPyfXg,YFL FAM!! Ed Sheeran was in the YFL Kitchen and I made him cook Misal Pav! We had a great time cooking an authentic Indian ...
Pyaaz Ki Kachori | Street Foods of India Ep 2 | Rajasthan | Sanjyot Keer #shorts,https://www.youtube.com/watch?v=euH2aB3GneA,Garlic Chutney Ingredients: ‚óã KASHMIRI RED CHILLI 18-20 NOS. (DESEEDED & SOAKED) ‚óã GARLIC | ‡§≤‡•á‡§π‡§∏‡•Å‡§® 3/4 CUP ...
Cheese Burst Pizza Sandwich Recipe | Chef Sanjyot Keer,https://www.youtube.com/watch?v=wq9pbY2RiRA,Ingredients PROCESSED CHEESE 150 GRAMS (GRATED) BUTTER 1 TBSP MILK 100 ML PANEER 100 GRAMS (DICED) ...
Crispiest Chicken Popcorn at home | Chef Sanjyot Keer #shorts #ytshorts,https://www.youtube.com/watch?v=608VFtzYCNw,
1 Minute Instant Dosa Batter | Spongy Set Dosa | Chef Sanjyot Keer #shorts #ytshorts,https://www.youtube.com/watch?v=btuGvJv-4oY,
This video got 100 million views! | Sanjyot Keer | YFL #shorts,https://www.youtube.com/watch?v=N71PKsUAmHI,
BBNOW NOW Chef It Up Giveaway Winner Announcement üö® S2E1 #shorts #ytshorts,https://www.youtube.com/watch?v=eFNEOPu0Y9g,
Crispy Chicken Recipe | Restaurant Style Starter Recipe | ‡§ï‡•ç‡§∞‡§ø‡§∏‡•ç‡§™‡•Ä ‡§ö‡§ø‡§ï‡§® | Chef Sanjyot Keer,https://www.youtube.com/watch?v=Sz95JN42N6s,Full written recipe for Chicken Crispy Prep time: 20-25 minutes (excluding soaking time of chillies) Cooking time: 25-30 minutes ...
Restaurant Style Dal Panchmel Recipe | Panchratna Dal | ‡§∞‡§æ‡§ú‡§∏‡•ç‡§•‡§æ‡§®‡•Ä ‡§¶‡§æ‡§≤ ‡§™‡§Ç‡§ö‡§Æ‡•á‡§≤ | Chef Sanjyot Keer,https://www.youtube.com/watch?v=q1NqB03IV4w,Full written recipe for Dal Panchmel Prep time: 10-15 minutes (dal soaking time 2-3 hours) Cooking time: 20-25 minutes Serves: ...
Egg Butter Masala Recipe | Restaurant Style | ‡§Ö‡§Ç‡§°‡§æ ‡§¨‡§ü‡§∞ ‡§Æ‡§∏‡§æ‡§≤‡§æ | Chef Sanjyot Keer,https://www.youtube.com/watch?v=tqb686TwZF8,Full written recipe for Egg Butter Masala Prep time: 15-20 minutes Cooking time: 25-30 minutes Serves: 4-5 people Ingredients: ...
Goan Fish Curry Recipe | Fish Curry Recipe | ‡§ó‡•ã‡§µ‡§æ ‡§ï‡•Ä ‡§∏‡•ç‡§µ‡§æ‡§¶‡§ø‡§∑‡•ç‡§ü ‡§´‡§ø‡§∂ ‡§ï‡§∞‡•Ä | Chef Sanjyot Keer,https://www.youtube.com/watch?v=6Tme3rLiFzg,Full written recipe for Goan Fish Curry Prep time: 10-15 minutes Cooking time: 30-35 minutes Serves: 4 people Ingredients: ...
Kutchi Dabeli Recipe | Double Roti | Indian Street Food | ‡§ï‡§ö‡•ç‡§õ‡•Ä ‡§¶‡§æ‡§¨‡•á‡§≤‡•Ä | Chef Sanjyot Keer,https://www.youtube.com/watch?v=u4h6fIZxeMY,Raju Dabeli Address: Raju Dabeli, Netaji Subhash Chandra Bose Rd, opposite Navbharat Nutan Vidyalaya Mulund West, ...
üî¥ LIVE Cook Along! | Butter Chicken Burger with Chef Sanjyot Keer | @licious_foods,https://www.youtube.com/watch?v=5_GrbTWjBd0,Full written recipe for Butter chicken burger Prep time: 20-25 minutes Cooking time: 45-50 minutes Serves: 6-7 burgers Ingredient ...
Sindhi Kadhi Recipe | Sindhi Curry Chawal | ‡§∏‡•ç‡§µ‡§æ‡§¶‡§ø‡§∑‡•ç‡§ü ‡§∏‡§ø‡§Ç‡§ß‡•Ä ‡§ï‡§¢‡§º‡•Ä | Chef Sanjyot Keer,https://www.youtube.com/watch?v=ilRRWp_u5O4,Full written recipe for Sindhi Kadhi Prep time: 10-15 minutes Cooking time: 35-40 minutes Serves: 4-5 people Ingredients: OIL ...
Restaurant Style Chinese Bhel | ‡§π‡•ã‡§ü‡§≤ ‡§ú‡•à‡§∏‡•Ä ‡§ö‡§æ‡§á‡§®‡•Ä‡§ú‡§º ‡§≠‡•á‡§≤ ‡§¨‡§®‡§æ‡§®‡•á ‡§ï‡§æ ‡§§‡§∞‡•Ä‡§ï‡§æ | Chef Sanjyot Keer,https://www.youtube.com/watch?v=JBQZyh0mweA,Street style chinese bhel: https://youtu.be/iVXSOMNHrek Full written recipe for Restaurant Style Chinese Bhel Prep time: 15-20 ...
Veg Makhanwala Restaurant Style Recipe | ‡§π‡•ã‡§ü‡§≤ ‡§ú‡•à‡§∏‡§æ ‡§µ‡•á‡§ú ‡§Æ‡§ï‡•ç‡§ñ‡§®‡§µ‡§æ‡§≤‡§æ ‡§¨‡§®‡§æ‡§®‡•á ‡§ï‡§æ ‡§§‡§∞‡•Ä‡§ï‡§æ | Chef Sanjyot Keer,https://www.youtube.com/watch?v=Jg89GPhZtvE,Full written recipe for Veg Makhanwala Prep time: 20 minutes Cooking time: 30-35 minutes Serves: 4-5 people Ingredients: ...
Mushroom Masala Recipe | Restaurant Style Recipe | ‡§∞‡•á‡§∏‡•ç‡§ü‡•ã‡§∞‡•á‡§Ç‡§ü ‡§ú‡•à‡§∏‡§æ ‡§Æ‡§∂‡§∞‡•Ç‡§Æ ‡§Æ‡§∏‡§æ‡§≤‡§æ | Chef Sanjyot Keer,https://www.youtube.com/watch?v=3UC7hyRyV-I,Full written recipe for Mushroom Masala Prep time: 15 minutes Cooking time: 25-30 minutes Serves: 4-5 people Ingredients: OIL ...
Masala Puri Recipe | Bengaluru Street Food |   ‡§¨‡•á‡§Ç‡§ó‡§≤‡•Å‡§∞‡•Å ‡§Æ‡§∏‡§æ‡§≤‡§æ ‡§™‡•Ç‡§∞‡•Ä ‡§ö‡§æ‡§ü | Chef Sanjyot Keer,https://www.youtube.com/watch?v=tXUk_VZBIrA,Full written recipe for Masala Puri Prep time: 15 minutes (excluding soaking time) Cooking time: 20-25 minutes Serves: 5-6 people ...
Kacche Aam Ki Launji Recipe | ‡§ó‡§∞‡•ç‡§Æ‡•Ä ‡§ï‡•á ‡§Æ‡•å‡§∏‡§Æ ‡§Æ‡•á‡§Ç ‡§¨‡§®‡§æ‡§á‡§è ‡§ñ‡§ü‡•ç‡§ü‡•Ä ‡§Æ‡•Ä‡§†‡•Ä ‡§Ü‡§Æ ‡§ï‡•Ä ‡§≤‡•å‡§Ç‡§ú‡•Ä | Chef Sanjyot Keer,https://www.youtube.com/watch?v=_AAgdvqtRT4,Full written recipe for Aam Ki Launji Prep time: 10-15 minutes Cooking time: 20-25 minutes Serves: 1kg Ingredients: RAW MANGO ...
Chicken Tikka Biryani Recipe | Chicken Dum Biryani | ‡§ö‡§ø‡§ï‡§® ‡§ü‡§ø‡§ï‡•ç‡§ï‡§æ ‡§¨‡§ø‡§∞‡§Ø‡§æ‡§®‡•Ä | Chef Sanjyot Keer,https://www.youtube.com/watch?v=XUnvjmCLIXI,Biryani Masala: https://youtu.be/HP2bVwNHJfM Chicken Dum Biryani: https://youtu.be/uygb9O-MDPw Egg Dum Biryani: ...
The only 2 Michelin Star Indian Chef in the world! Secrets revealed with Chef Mano Thevar #shorts,https://www.youtube.com/watch?v=qRC2v8czqGw,
Lasooni Palak Paneer Dhaba Style Recipe | ‡§¢‡§æ‡§¨‡•á ‡§ú‡•à‡§∏‡§æ ‡§≤‡§∏‡•Ç‡§®‡•Ä ‡§™‡§æ‡§≤‡§ï ‡§™‡§®‡•Ä‡§∞ | Chef Sanjyot Keer,https://www.youtube.com/watch?v=5o-tS6zlp1k,Cream of spinach soup: https://youtu.be/Gk7N2GUWSQU Full written recipe for Lasooni Palak Paneer Prep time: 15-20 minutes ...
Spring Roll Dosa | Dosa Batter | Street Style Dosa | ‡§∏‡•ç‡§µ‡§æ‡§¶‡§ø‡§∑‡•ç‡§ü ‡§∏‡•ç‡§™‡•ç‡§∞‡§ø‡§Ç‡§ó ‡§∞‡•ã‡§≤ ‡§¶‡•ã‡§∏‡§æ | Chef Sanjyot Keer,https://www.youtube.com/watch?v=jlAfMKsIrlk,Coconut chutney: https://youtu.be/pC5sZ8-mFr4 Jini Dosa: https://youtu.be/BbqDlylrQKA Full written recipe for Spring Roll Dosa ...
Veg Pulao Recipe | Easy One Pot Pulao Recipe | ‡§µ‡•á‡§ú ‡§™‡•Å‡§≤‡§æ‡§ì ‡§¨‡§®‡§æ‡§®‡•á ‡§ï‡§æ ‡§§‡§∞‡•Ä‡§ï‡§æ | Chef Sanjyot Keer,https://www.youtube.com/watch?v=nPi2GD2SqfQ,Biryani Masala: https://youtu.be/HP2bVwNHJfM Full written recipe for Veg Pulao Prep time: 30 minutes (including soaking time) ...
Amrakhand Recipe | Mango Shrikhand Recipe | ‡§Ü‡§Æ‡§∞‡§æ‡§ñ‡§Ç‡§° ‡§¨‡§®‡§æ‡§®‡•á ‡§ï‡§æ ‡§Ü‡§∏‡§æ‡§® ‡§§‡§∞‡•Ä‡§ï‡§æ | Chef Sanjyot Keer,https://www.youtube.com/watch?v=bmCh2VN9x9c,Full written recipe for Amrakhand Prep time: 5-10 minutes (excluding curd resting time) Cooking time: 15-20 minutes Serves: 5-6 ...
Dhaba Style Chicken Do Pyaza Recipe | ‡§¢‡§æ‡§¨‡•á ‡§ú‡•à‡§∏‡§æ ‡§∏‡•ç‡§µ‡§æ‡§¶‡§ø‡§∑‡•ç‡§ü ‡§ö‡§ø‡§ï‡§® ‡§¶‡•ã ‡§™‡•ç‡§Ø‡§æ‡§ú‡§º‡§æ | Chef Sanjyot Keer,https://www.youtube.com/watch?v=_EsoWs7aUco,Full written recipe Chicken Do Pyaza Prep time: 20 minutes Cooking time: 35-40 minutes Serves: 4-5 people Ingredients: ...
Meethe Chawal Recipe | Zarda Pulao | ‡§™‡•ç‡§∞‡•á‡§∂‡§∞ ‡§ï‡•Å‡§ï‡§∞ ‡§Æ‡•á‡§Ç ‡§Æ‡•Ä‡§†‡•á ‡§ö‡§æ‡§µ‡§≤ ‡§¨‡§®‡§æ‡§®‡•á ‡§ï‡§æ ‡§§‡§∞‡•Ä‡§ï‡§æ | Chef Sanjyot Keer,https://www.youtube.com/watch?v=ynbPa9h5yx4,Meethe Chawal Prep time: 10 minutes (excluding soaking time) Cooking time: 15-20 minutes Serves: 5-6 people Ingredients: ...
Laccha Paratha Easy Process at Home | ‡§≤‡§ö‡•ç‡§õ‡§æ ‡§™‡§∞‡§æ‡§†‡§æ ‡§¨‡§®‡§æ‡§®‡•á‡§ï‡§æ ‡§Ü‡§∏‡§æ‡§® ‡§§‡§∞‡•Ä‡§ï‡§º‡§æ | Chef Sanjyot Keer,https://www.youtube.com/watch?v=9NoEFdYgOF8,Butter Chicken: https://youtu.be/RKNogWbAivY Paneer Tikka Masala: https://youtu.be/fohA4X5pYSg Paneer do Pyaza: ...
Tandoori Chicken Strips | Crispy Chicken Strips | ‡§§‡§Ç‡§¶‡•Ç‡§∞‡•Ä ‡§ö‡§ø‡§ï‡§® ‡§∏‡•ç‡§ü‡•ç‡§∞‡§ø‡§™‡•ç‡§∏ | Chef Sanjyot Keer,https://www.youtube.com/watch?v=gABgHW7BRRE,Link for Peri peri Seasoning: https://youtube.com/shorts/b8DZkIQfMks?feature=share Full written recipe for Tandoori Chicken ...
Gujarati Khichdi Kadhi Recipe | ‡§ó‡•Å‡§ú‡§∞‡§æ‡§§‡•Ä ‡§ñ‡§ø‡§ö‡§°‡§º‡•Ä ‡§ï‡§¢‡§º‡•Ä | Chef Sanjyot Keer,https://www.youtube.com/watch?v=NQdo-7LtvCI,Full written recipe for Gujarati Khichdi Kadhi Prep time: 10-15 minutes Cooking time: 35-40 minutes (including soaking time) ...
Paneer 65 Recipe | Paneer Starter Recipe | ‡§™‡§®‡•Ä‡§∞ 65 | Chef Sanjyot Keer,https://www.youtube.com/watch?v=Rs49YKc8iJw,Full written recipe for Paneer 65 Prep time: 10-15 minutes Cooking time: 15-20 minutes Serves: 4-5 people Ingredients: Ginger ...
Punjabi Style Mutton Kheema | Pressure Cooker Mutton Recipe | ‡§ï‡•Å‡§ï‡§∞ ‡§µ‡§æ‡§≤‡§æ ‡§Æ‡§ü‡§® ‡§ï‡•Ä‡§Æ‡§æ | Chef Sanjyot Keer,https://www.youtube.com/watch?v=u2000a_OnTE,Recipe for Street Style Green & Red chutney: https://youtu.be/nL-frTWj13E Full written recipe Punjabi Style Mutton Keema Prep ...
Dahi Ke Sholay | Easy Snack Recipe | ‡§¶‡§π‡•Ä ‡§ï‡•á ‡§∂‡•ã‡§≤‡•á | Chef Sanjyot Keer,https://www.youtube.com/watch?v=UdcaOcdQX7E,Full written recipe for Dahi ke Sholay Prep time: 10-15 minutes (excluding hung curd resting time) Cooking time: 15 minutes ...
Chinese Bhel Street Style Recipe | ‡§ò‡§∞ ‡§™‡§∞ ‡§ö‡§æ‡§á‡§®‡•Ä‡§ú‡§º ‡§≠‡•á‡§≤ ‡§¨‡§®‡§æ‡§®‡•á ‡§ï‡§æ ‡§Ü‡§∏‡§æ‡§® ‡§§‡§∞‡•Ä‡§ï‡§æ | Chef Sanjyot Keer,https://www.youtube.com/watch?v=iVXSOMNHrek,Schezwan Chutney Recipe: https://youtu.be/tjFyqHV6p4A Full written recipe for Chinese Bhel with Manchurian balls Prep time: ...
Ragda Puri Recipe | Mumbai Street Style Chaat | ‡§∞‡§ó‡§°‡§º‡§æ ‡§™‡•Ç‡§∞‡•Ä ‡§ö‡§æ‡§ü | Chef Sanjyot Keer,https://www.youtube.com/watch?v=gZQjvTjh4s4,Full written recipe Ragda Puri & Ragda Chaat Prep time: 15-20 minutes (excluding soaking time) Cooking time: 15-20 minutes ...
Veg Masala Grill Sandwich | Mumbai Street Style Sandwich | ‡§Æ‡§∏‡§æ‡§≤‡§æ ‡§ó‡•ç‡§∞‡§ø‡§≤ ‡§∏‡•à‡§Ç‡§°‡§µ‡§ø‡§ö | Chef Sanjyot Keer,https://www.youtube.com/watch?v=1fe-2YDpFyw,Mumbai Veg Grill Sandwich - https://youtu.be/4EtrrCP02g8 Tandoori Veg Grill Sandwich - https://youtu.be/HsZV6XOlPNg Junglee ...
Indori Poha Recipe | ‡§≠‡§æ‡§Ç‡§´ ‡§Æ‡•á‡§Ç ‡§¨‡§®‡•á ‡§π‡•Å‡§è ‡§á‡§Ç‡§¶‡•å‡§∞‡•Ä ‡§™‡•ã‡§π‡•á | Chef Sanjyot Keer,https://www.youtube.com/watch?v=9PGSlqTP1Sw,Full written recipe for Indori Poha Prep time: 10-15 minutes Cooking time: 15-20 minutes Serves: 3-4 people Jeeravan masala ...
Chicken Triple Schezwan Fried Rice | Restaurant Style | ‡§ö‡§ø‡§ï‡§® ‡§ü‡•ç‡§∞‡§ø‡§™‡§≤ ‡§∂‡•á‡§ú‡§º‡§µ‡§æ‡§® ‡§∞‡§æ‡§á‡§∏ | Chef Sanjyot Keer,https://www.youtube.com/watch?v=wY_qL1MuJEg,Link for cooking rice: https://youtu.be/suXQ2mPfhSg Link for boiled noodles: https://youtu.be/4Q12_scB6AY Link for fried noodles: ...
Chatpata Paneer Toast | Quick Snack Recipe | ‡§ö‡§ü‡§™‡§ü‡§æ ‡§™‡§®‡•Ä‡§∞ ‡§ü‡•ã‡§∏‡•ç‡§ü | Chef Sanjyot Keer,https://www.youtube.com/watch?v=VbUHSOPP_hk,Full written recipe for Chatpata Paneer Toast Prep time: 15 minutes Cooking time: 15-20 minutes Serves: 5-6 people Ingredients: ...
Veg Jalfrezi | Restaurant Style Recipe | ‡§π‡•ã‡§ü‡§≤ ‡§ú‡•à‡§∏‡•Ä ‡§µ‡•á‡§ú ‡§ú‡§æ‡§≤‡§´‡•ç‡§∞‡•á‡§ú‡§º‡•Ä | Chef Sanjyot Keer,https://www.youtube.com/watch?v=NrYmeJSNmVU,Full written Recipe for Veg Jalfrezi Prep time: 20 minutes Cooking time: 20 minutes Serves: 4-5 people Ingredients: Masala ‚Ä¢ OIL ...
